{
    "rmse": 31370.95437354283,
    "r2 score": 97.57520766097645,
    "mse": 984136778.306906,
    "train_score": 0.9968862849792197,
    "test_score": 0.9757520766097645
}