{
    "rmse": 30945.1551618532,
    "r2 score": 97.64058455352465,
    "mse": 957602627.9911698,
    "train_score": 0.9969422344164749,
    "test_score": 0.9764058455352465
}