{
    "rmse": 38256.56603205899,
    "r2 score": 96.3939556970206,
    "mse": 1463564844.5652895,
    "train_score": 0.9968427344794188,
    "test_score": 0.9755980216109865
}